{
    "rmse": 64.62750045484603,
    "mae": 54.015825873176794,
    "r2": -0.0029095644510921392
}