{
    "rmse": 0.5808429338278508,
    "mae": 0.44350038204910947,
    "r2": 0.6630340238479038
}